Date,Time,Lux Value
3/27/2026,11:06:00 AM,48107.5
3/27/2026,11:06:00 AM,368.33
3/27/2026,11:07:00 AM,48200.83
3/27/2026,11:07:00 AM,48020
3/27/2026,11:07:00 AM,54612.5
3/27/2026,11:07:00 AM,54612.5
3/27/2026,11:07:00 AM,54612.5
3/27/2026,11:07:00 AM,54612.5
3/27/2026,11:08:00 AM,54612.5
3/27/2026,11:08:00 AM,54612.5
3/27/2026,11:08:00 AM,4612.5
3/27/2026,11:08:00 AM,54612.5
3/27/2026,11:08:00 AM,54612.5
3/27/2026,11:08:00 AM,54612.5
3/27/2026,11:09:00 AM,54612.5
3/27/2026,11:09:00 AM,35160
3/27/2026,11:09:00 AM,36539.16
3/27/2026,11:09:00 AM,54612.5
3/27/2026,11:09:00 AM,612.5
3/27/2026,11:09:00 AM,54612.5
3/27/2026,11:10:00 AM,54612.5
3/27/2026,11:10:00 AM,54612.5
3/27/2026,11:10:00 AM,54612.5
3/27/2026,11:10:00 AM,54612.5
3/27/2026,11:10:00 AM,54612.5
3/27/2026,11:10:00 AM,54612.5
3/27/2026,11:11:00 AM,54612.5
3/27/2026,11:11:00 AM,54612.5
3/27/2026,11:11:00 AM,54612.5
3/27/2026,11:11:00 AM,54612.5
3/27/2026,11:11:00 AM,54612.5
3/27/2026,11:11:00 AM,54612.5
3/27/2026,11:12:00 AM,54612.5
3/27/2026,11:12:00 AM,54612.5
3/27/2026,11:12:00 AM,54612.5
3/27/2026,11:12:00 AM,54612.5
3/27/2026,11:12:00 AM,54612.5
3/27/2026,11:12:00 AM,612.5
3/27/2026,11:13:00 AM,54612.5
3/27/2026,11:13:00 AM,54612.5
3/27/2026,11:13:00 AM,54612.5
3/27/2026,11:13:00 AM,54612.5
3/27/2026,11:13:00 AM,54612.5
3/27/2026,11:13:00 AM,54612.5
3/27/2026,11:14:00 AM,54612.5
3/27/2026,11:14:00 AM,54612.5
3/27/2026,11:14:00 AM,54612.5
3/27/2026,11:14:00 AM,12.5
3/27/2026,11:14:00 AM,54612.5
3/27/2026,11:14:00 AM,54612.5
3/27/2026,11:15:00 AM,54612.5
3/27/2026,11:15:00 AM,54612.5
3/27/2026,11:15:00 AM,4612.5
3/27/2026,11:15:00 AM,54612.5
3/27/2026,11:15:00 AM,54612.5
3/27/2026,11:15:00 AM,54612.5
3/27/2026,11:16:00 AM,54612.5
3/27/2026,11:16:00 AM,54612.5
3/27/2026,11:16:00 AM,54612.5
3/27/2026,11:16:00 AM,54612.5
3/27/2026,11:16:00 AM,54612.5
3/27/2026,11:16:00 AM,54612.5
3/27/2026,11:17:00 AM,54612.5
3/27/2026,12:34:30 PM,54612.5
3/27/2026,12:34:38 PM,54612.5
3/27/2026,12:34:48 PM,54612.5
3/27/2026,12:34:58 PM,48618.33
3/27/2026,12:35:08 PM,54612.5
3/27/2026,12:35:18 PM,42081.66
3/27/2026,12:35:28 PM,54612.5
3/27/2026,12:35:38 PM,34201.66
3/27/2026,12:35:48 PM,41050.83
3/27/2026,12:35:58 PM,33675.83
3/27/2026,12:36:09 PM,95.83
3/27/2026,12:36:19 PM,39115.83
3/27/2026,12:36:29 PM,1928.33
3/27/2026,12:36:39 PM,48561.66
3/27/2026,12:36:49 PM,54612.5
3/27/2026,12:36:59 PM,54612.5
3/27/2026,12:37:09 PM,54612.5
3/27/2026,12:37:19 PM,54612.5
3/27/2026,12:37:29 PM,54612.5
3/27/2026,12:37:39 PM,54612.5
3/27/2026,12:37:49 PM,54612.5
3/27/2026,12:37:59 PM,54612.5
3/27/2026,12:38:09 PM,54612.5
3/27/2026,12:38:19 PM,54612.5
3/27/2026,12:38:29 PM,54612.5
3/27/2026,12:38:40 PM,54612.5
3/27/2026,12:38:50 PM,50
3/27/2026,12:39:00 PM,54612.5
3/27/2026,12:39:10 PM,54612.5
3/27/2026,12:39:20 PM,54612.5
3/27/2026,12:39:30 PM,54612.5
3/27/2026,12:39:40 PM,54612.5
3/27/2026,12:39:50 PM,54612.5
3/27/2026,12:40:00 PM,54612.5
3/27/2026,12:40:10 PM,54612.5
3/27/2026,12:40:20 PM,54612.5
3/27/2026,12:40:30 PM,54612.5
3/27/2026,12:40:40 PM,54612.5
3/27/2026,12:40:50 PM,54612.5
3/27/2026,12:41:00 PM,54612.5
3/27/2026,12:41:11 PM,54612.5
3/27/2026,12:41:21 PM,54612.5
3/27/2026,12:41:31 PM,54612.5
3/27/2026,12:41:41 PM,54612.5
3/27/2026,12:41:51 PM,54612.5
3/27/2026,12:42:01 PM,54612.5
3/27/2026,12:42:11 PM,54612.5
3/27/2026,12:42:21 PM,54612.5
3/27/2026,12:42:31 PM,54612.5
3/27/2026,12:42:41 PM,54612.5
3/27/2026,12:42:51 PM,54612.5
3/27/2026,12:43:01 PM,54612.5
3/27/2026,12:43:11 PM,54612.5
3/27/2026,12:43:21 PM,54612.5
3/27/2026,12:43:31 PM,54612.5
3/27/2026,12:43:42 PM,54612.5
3/27/2026,12:43:52 PM,54612.5
3/27/2026,12:44:02 PM,612.5
3/27/2026,12:44:12 PM,54612.5
3/27/2026,12:44:22 PM,54612.5
3/28/2026,6:40:55 AM,1060
3/28/2026,6:41:03 AM,1081.67
3/28/2026,6:41:13 AM,1099.17
3/28/2026,6:41:23 AM,1117.5
3/28/2026,6:41:33 AM,1137.5
3/28/2026,6:41:43 AM,1156.67
3/28/2026,6:41:53 AM,1176.67
3/28/2026,6:42:03 AM,1195.83
3/28/2026,6:42:13 AM,1215.83
3/28/2026,6:42:24 AM,1073.33
3/28/2026,6:42:34 AM,1222.5
3/28/2026,6:42:44 AM,1250.83
3/28/2026,6:42:54 AM,1265.83
3/28/2026,6:43:04 AM,1296.67
3/28/2026,6:43:14 AM,1317.5
3/28/2026,6:43:24 AM,1340
3/28/2026,6:43:34 AM,353.33
3/28/2026,6:43:44 AM,1387.5
3/28/2026,6:43:54 AM,1408.33
3/28/2026,6:44:04 AM,1430
3/28/2026,6:44:14 AM,1445
3/28/2026,6:44:24 AM,1454.17
3/28/2026,6:44:34 AM,1475
3/28/2026,6:44:44 AM,1497.5
3/28/2026,6:44:54 AM,1530
3/28/2026,6:45:04 AM,1548.33
3/28/2026,6:45:14 AM,1563.33
3/28/2026,6:45:24 AM,1589.17
3/28/2026,6:45:34 AM,1620.83
3/28/2026,6:45:45 AM,1647.5
3/28/2026,6:45:55 AM,1686.67
3/28/2026,6:46:05 AM,24.17
3/28/2026,6:46:15 AM,1805.83
3/28/2026,6:46:25 AM,1850
3/28/2026,6:46:35 AM,92.5
3/28/2026,6:46:45 AM,1938.33
3/28/2026,6:46:55 AM,1868.33
3/28/2026,6:47:05 AM,1903.33
3/28/2026,6:47:15 AM,2088.33
3/28/2026,6:47:25 AM,2116.67
3/28/2026,6:47:35 AM,2174.17
3/28/2026,6:47:45 AM,2217.5
3/28/2026,6:47:55 AM,2257.5
3/28/2026,6:48:05 AM,0
3/28/2026,6:48:15 AM,2340
3/28/2026,6:48:25 AM,384.17
3/28/2026,6:48:35 AM,427.5
3/28/2026,6:48:45 AM,2478.33
3/28/2026,6:48:55 AM,2533.33
3/28/2026,6:49:05 AM,2585.83
3/28/2026,6:49:16 AM,2641.67
3/28/2026,6:49:26 AM,2703.33
3/28/2026,6:49:36 AM,0.83
3/28/2026,6:49:46 AM,2815
3/28/2026,6:49:56 AM,2869.17
3/28/2026,6:50:06 AM,2928.33
3/28/2026,6:50:16 AM,2987.5
3/28/2026,6:50:26 AM,3051.67
3/28/2026,6:50:36 AM,3109.17
3/28/2026,6:50:46 AM,3172.5
3/28/2026,6:50:56 AM,3230.83
3/28/2026,6:51:06 AM,3300
3/28/2026,6:51:16 AM,3366.67
3/28/2026,6:51:26 AM,3433.33
3/28/2026,6:51:36 AM,3492.5
3/28/2026,6:51:46 AM,3562.5
3/28/2026,6:51:56 AM,3629.17
3/28/2026,6:52:06 AM,3690
3/28/2026,6:52:16 AM,3726.67
3/28/2026,6:52:26 AM,3830.83
3/28/2026,6:52:37 AM,3902.5
3/28/2026,6:52:47 AM,3990.83
3/28/2026,6:52:57 AM,4065.83
3/28/2026,6:53:07 AM,53.33
3/28/2026,6:53:17 AM,4241.67
3/28/2026,6:53:27 AM,4327.5
3/28/2026,6:53:37 AM,4395.83
3/28/2026,6:53:47 AM,4496.67
3/28/2026,6:53:57 AM,4592.5
3/28/2026,6:54:07 AM,4689.17
3/28/2026,6:54:17 AM,4780.83
3/28/2026,6:54:27 AM,4865
3/28/2026,6:54:37 AM,4941.67
3/28/2026,6:54:47 AM,5000
3/28/2026,6:54:57 AM,5066.67
3/28/2026,6:55:07 AM,5173.33
3/28/2026,6:55:17 AM,5250.83
3/28/2026,6:55:27 AM,5330.83
3/28/2026,6:55:37 AM,5411.67
3/28/2026,6:55:48 AM,5526.67
3/28/2026,6:55:58 AM,5640.83
3/28/2026,6:56:08 AM,5681.67
3/28/2026,6:56:18 AM,5768.33
3/28/2026,6:56:28 AM,5863.33
3/28/2026,6:56:38 AM,5937.5
3/28/2026,6:56:48 AM,6018.33
3/28/2026,6:56:58 AM,6128.33
3/28/2026,6:57:08 AM,6228.33
3/28/2026,6:57:18 AM,6340.83
3/28/2026,6:57:28 AM,6454.17
3/28/2026,6:57:38 AM,6604.17
3/28/2026,6:57:48 AM,6742.5
3/28/2026,6:57:58 AM,6892.5
3/28/2026,6:58:08 AM,7017.5
3/28/2026,6:58:18 AM,7132.5
3/28/2026,6:58:28 AM,240.83
3/28/2026,6:58:38 AM,7377.5
3/28/2026,6:58:48 AM,7460
3/28/2026,6:58:58 AM,7566.67
3/28/2026,6:59:08 AM,639.17
3/28/2026,6:59:18 AM,7734.17
3/28/2026,6:59:29 AM,7817.5
3/28/2026,6:59:39 AM,7885.83
3/28/2026,6:59:49 AM,8000.83
3/28/2026,6:59:59 AM,8130.83
3/28/2026,7:00:09 AM,8264.17
3/28/2026,7:00:19 AM,8385
3/28/2026,7:00:29 AM,8510.83
3/28/2026,7:00:39 AM,8630.83
3/28/2026,7:00:49 AM,8748.33
3/28/2026,7:00:59 AM,8880.83
3/28/2026,7:01:09 AM,9010.83
3/28/2026,7:01:19 AM,9152.5
3/28/2026,7:01:29 AM,9287.5
3/28/2026,7:01:39 AM,9408.33
3/28/2026,7:01:49 AM,9533.33
3/28/2026,7:01:59 AM,9652.5
3/28/2026,7:02:09 AM,9780
3/28/2026,7:02:19 AM,9909.17
3/28/2026,7:02:29 AM,10040
3/28/2026,7:02:40 AM,10140
3/28/2026,7:02:50 AM,10260.83
3/28/2026,7:03:00 AM,10332.5
3/28/2026,7:03:10 AM,10440
3/28/2026,7:03:20 AM,10560
3/28/2026,7:03:30 AM,10669.17
3/28/2026,7:03:40 AM,10819.17
3/28/2026,7:03:50 AM,10991.67
3/28/2026,7:04:00 AM,11206.67
3/28/2026,7:04:10 AM,11366.67
3/28/2026,7:04:20 AM,1454.17
3/28/2026,7:04:30 AM,11615.83
3/28/2026,7:04:40 AM,11781.67
3/28/2026,7:04:50 AM,11891.67
3/28/2026,7:05:00 AM,12010.83
3/28/2026,7:05:10 AM,5.83
3/28/2026,7:05:20 AM,12179.17
3/28/2026,7:05:30 AM,12278.33
3/28/2026,7:05:40 AM,12346.67
3/28/2026,7:05:50 AM,2450
3/28/2026,7:06:01 AM,12567.5
3/28/2026,7:06:11 AM,12659.17
3/28/2026,7:06:21 AM,12773.33
3/28/2026,7:06:31 AM,12917.5
3/28/2026,7:06:41 AM,12998.33
3/28/2026,7:06:51 AM,65
3/28/2026,7:07:01 AM,13159.17
3/28/2026,7:07:11 AM,13273.33
3/28/2026,7:07:21 AM,13421.67
3/28/2026,7:07:31 AM,13624.17
3/28/2026,7:07:41 AM,56.67
3/28/2026,7:07:51 AM,13991.67
3/28/2026,7:08:01 AM,14270
3/28/2026,7:08:11 AM,14610
3/28/2026,7:08:21 AM,14830.83
3/28/2026,7:08:31 AM,15004.17
3/28/2026,7:08:41 AM,15141.67
3/28/2026,7:08:51 AM,15253.33
3/28/2026,7:09:01 AM,5366.67
3/28/2026,7:09:12 AM,15457.5
3/28/2026,7:09:22 AM,15583.33
3/28/2026,7:09:32 AM,15655.83
3/28/2026,7:09:42 AM,15766.67
3/28/2026,7:09:52 AM,15870
3/28/2026,7:10:02 AM,15997.5
3/28/2026,7:10:12 AM,16075
3/28/2026,7:10:22 AM,16143.33
3/28/2026,7:10:32 AM,16247.5
3/28/2026,7:10:42 AM,16378.33
3/28/2026,7:10:52 AM,16482.5
3/28/2026,7:11:02 AM,16564.17
3/28/2026,7:11:12 AM,16673.33
3/28/2026,7:11:22 AM,16753.33
3/28/2026,7:11:32 AM,16821.67
3/28/2026,7:11:42 AM,16959.17
3/28/2026,7:11:52 AM,17038.33
3/28/2026,7:12:02 AM,17169.17
3/28/2026,7:12:12 AM,17226.67
3/28/2026,7:12:22 AM,17366.67
3/28/2026,7:12:32 AM,17554.17
3/28/2026,7:12:43 AM,17734.17
3/28/2026,7:12:53 AM,17955
3/28/2026,7:13:03 AM,18087.5
3/28/2026,7:13:13 AM,4604.17
3/28/2026,7:13:23 AM,709.17
3/28/2026,7:13:33 AM,18930.83
3/28/2026,7:13:43 AM,9103.33
3/28/2026,7:13:53 AM,19243.33
3/28/2026,7:14:03 AM,19364.17
3/28/2026,7:14:13 AM,19494.17
3/28/2026,7:14:23 AM,19605.83
3/28/2026,7:14:33 AM,19728.33
3/28/2026,7:14:43 AM,19855
3/28/2026,7:14:53 AM,19991.67
3/28/2026,7:15:03 AM,20159.17
3/28/2026,7:15:13 AM,20285.83
3/28/2026,7:15:23 AM,20295
3/28/2026,7:15:33 AM,19725.83
3/28/2026,7:15:43 AM,19650
3/28/2026,7:15:53 AM,20374.17
3/28/2026,7:16:04 AM,20528.33
3/28/2026,7:16:14 AM,20592.5
3/28/2026,7:16:24 AM,7.5
3/28/2026,7:16:44 AM,20900
3/28/2026,7:16:54 AM,21010.83
3/28/2026,7:17:04 AM,21337.5
3/28/2026,7:17:14 AM,21650.83
3/28/2026,7:17:24 AM,20890.83
3/28/2026,7:17:34 AM,22051.67
3/28/2026,7:17:44 AM,22212.5
3/28/2026,7:17:54 AM,2471.67
3/28/2026,7:18:04 AM,22549.17
3/28/2026,7:18:14 AM,22568.33
3/28/2026,7:18:24 AM,22560.83
3/28/2026,7:18:34 AM,22624.17
3/28/2026,7:18:44 AM,22700.83
3/28/2026,7:18:54 AM,22780
3/28/2026,7:19:04 AM,22880.83
3/28/2026,7:19:14 AM,23073.33
3/28/2026,7:19:25 AM,23055
3/28/2026,7:19:35 AM,23091.67
3/28/2026,7:19:45 AM,23175.83
3/28/2026,7:19:55 AM,23325.83
3/28/2026,7:20:05 AM,23431.67
3/28/2026,7:20:15 AM,23520
3/28/2026,7:20:25 AM,23675
3/28/2026,7:20:35 AM,23855.83
3/28/2026,7:20:45 AM,84.17
3/28/2026,7:20:55 AM,23562.5
3/28/2026,7:21:05 AM,23171.67
3/28/2026,7:21:15 AM,7115.83
3/28/2026,7:21:25 AM,24581.67
3/28/2026,7:21:35 AM,24613.33
3/28/2026,7:21:45 AM,24808.33
3/28/2026,7:21:55 AM,24865.83
3/28/2026,7:22:05 AM,24880
3/28/2026,7:22:15 AM,4905
3/28/2026,7:22:25 AM,24946.67
3/28/2026,7:22:36 AM,25082.5
3/28/2026,7:22:46 AM,25105
3/28/2026,7:22:56 AM,15538.33
3/28/2026,7:23:06 AM,25715.83
3/28/2026,7:23:16 AM,25790.83
3/28/2026,7:23:26 AM,25893.33
3/28/2026,7:23:36 AM,26120
3/28/2026,7:23:46 AM,26237.5
3/28/2026,7:23:56 AM,26261.67
3/28/2026,7:24:06 AM,26195
3/28/2026,7:24:16 AM,26238.33
3/28/2026,7:24:26 AM,26389.17
3/28/2026,7:24:36 AM,26590.83
3/28/2026,7:24:46 AM,26828.33
3/28/2026,7:24:56 AM,27113.33
3/28/2026,7:25:06 AM,328.33
3/28/2026,7:25:16 AM,27400
3/28/2026,7:25:27 AM,27360
3/28/2026,7:25:37 AM,27435.83
3/28/2026,7:25:47 AM,27555
3/28/2026,7:25:57 AM,27626.67
3/28/2026,7:26:07 AM,27730.83
3/28/2026,7:26:17 AM,27893.33
3/28/2026,7:26:27 AM,28022.5
3/28/2026,7:26:37 AM,28040.83
3/28/2026,7:26:47 AM,49.17
3/28/2026,7:26:57 AM,28126.67
3/28/2026,7:27:07 AM,28253.33
3/28/2026,7:27:17 AM,28340
3/28/2026,7:27:27 AM,28570.83
3/28/2026,7:27:37 AM,28710
3/28/2026,7:27:47 AM,28871.67
3/28/2026,7:27:57 AM,29173.33
3/28/2026,7:28:07 AM,9504.17
3/28/2026,7:28:18 AM,29660.83
3/28/2026,7:28:28 AM,29830
3/28/2026,7:28:38 AM,30003.33
3/28/2026,7:28:48 AM,30211.67
3/28/2026,7:28:58 AM,30346.67
3/28/2026,7:29:08 AM,430
3/28/2026,7:29:18 AM,30076.67
3/28/2026,7:29:28 AM,29948.33
3/28/2026,7:29:38 AM,29997.5
3/28/2026,7:29:48 AM,30001.67
3/28/2026,7:29:58 AM,30089.17
3/28/2026,7:30:08 AM,30261.67
3/28/2026,7:30:18 AM,30481.67
3/28/2026,7:30:28 AM,30972.5
3/28/2026,7:30:38 AM,27535
3/28/2026,7:30:48 AM,27.5
3/28/2026,7:30:58 AM,32078.33
3/28/2026,7:31:09 AM,32371.67
3/28/2026,7:31:19 AM,32399.17
3/28/2026,7:31:29 AM,32310
3/28/2026,7:31:39 AM,168.33
3/28/2026,7:31:49 AM,32076.67
3/28/2026,7:31:59 AM,32083.33
3/28/2026,7:32:09 AM,31975.83
3/28/2026,7:32:19 AM,32176.67
3/28/2026,7:32:29 AM,32119.17
3/28/2026,7:32:39 AM,32041.67
3/28/2026,7:32:49 AM,32244.17
3/28/2026,7:32:59 AM,0
3/28/2026,7:33:09 AM,32740
3/28/2026,7:33:19 AM,32664.17
3/28/2026,7:33:29 AM,32860.83
3/28/2026,7:33:39 AM,33259.16
3/28/2026,7:33:49 AM,33615.83
3/28/2026,7:34:00 AM,34160
3/28/2026,7:34:10 AM,34198.33
3/28/2026,7:34:20 AM,34256.66
3/28/2026,7:34:30 AM,34574.16
3/28/2026,7:34:40 AM,34820.83
3/28/2026,7:34:50 AM,34865
3/28/2026,7:35:00 AM,34903.33
3/28/2026,7:35:10 AM,35022.5
3/28/2026,7:35:20 AM,35176.66
3/28/2026,7:35:30 AM,35153.33
3/28/2026,7:35:40 AM,35105
3/28/2026,7:35:50 AM,35030
3/28/2026,7:36:00 AM,5076.66
3/28/2026,7:36:10 AM,35335.83
3/28/2026,7:36:20 AM,35551.66
3/28/2026,7:36:30 AM,35562.5
3/28/2026,7:36:40 AM,3.33
3/28/2026,7:36:51 AM,35578.33
3/28/2026,7:37:01 AM,35916.66
3/28/2026,7:37:11 AM,36067.5
3/28/2026,7:37:21 AM,36539.16
3/28/2026,7:37:31 AM,36755.83
3/28/2026,7:37:41 AM,36854.16
3/28/2026,7:37:51 AM,37067.5
3/28/2026,7:38:01 AM,37262.5
3/28/2026,7:38:11 AM,37166.66
3/28/2026,7:38:21 AM,37213.33
3/28/2026,7:38:31 AM,37381.66
3/28/2026,7:38:41 AM,37800
3/28/2026,7:38:51 AM,37931.66
3/28/2026,7:39:01 AM,38195.83
3/28/2026,7:39:11 AM,347.5
3/28/2026,7:39:21 AM,38485
3/28/2026,7:39:32 AM,38379.16
3/28/2026,7:39:42 AM,38551.66
3/28/2026,7:39:52 AM,38625
3/28/2026,7:40:02 AM,8565.83
3/28/2026,7:40:12 AM,38608.33
3/28/2026,7:40:22 AM,38826.66
3/28/2026,7:40:32 AM,38865.83
3/28/2026,7:40:42 AM,38912.5
3/28/2026,7:40:52 AM,39250
3/28/2026,7:41:02 AM,39575
3/28/2026,7:41:12 AM,39759.16
3/28/2026,7:41:22 AM,40039.16
3/28/2026,7:41:32 AM,40448.33
3/28/2026,7:41:42 AM,40466.66
3/28/2026,7:41:52 AM,40579.16
3/28/2026,7:42:03 AM,40732.5
3/28/2026,7:42:13 AM,40976.66
3/28/2026,7:42:23 AM,41065
3/28/2026,7:42:33 AM,41026.66
3/28/2026,7:42:43 AM,40855
3/28/2026,7:42:53 AM,41039.16
3/28/2026,7:43:03 AM,40961.66
3/28/2026,7:43:23 AM,40949.16
3/28/2026,7:43:33 AM,41171.66
3/28/2026,7:43:43 AM,41470.83
3/28/2026,7:43:53 AM,41623.33
3/28/2026,7:44:03 AM,41934.16
3/28/2026,7:44:13 AM,42470.83
3/28/2026,7:44:23 AM,42488.33
3/28/2026,7:44:33 AM,42645
3/28/2026,7:44:44 AM,42588.33
3/28/2026,7:44:54 AM,42478.33
3/28/2026,7:45:04 AM,42480.83
3/28/2026,7:45:14 AM,42645
3/28/2026,7:45:24 AM,835
3/28/2026,7:45:34 AM,43148.33
3/28/2026,7:45:44 AM,377.5
3/28/2026,7:45:54 AM,43814.16
3/28/2026,7:46:04 AM,44115.83
3/28/2026,7:46:14 AM,44205.83
3/28/2026,7:46:24 AM,44405
3/28/2026,7:46:34 AM,44487.5
3/28/2026,7:46:44 AM,44694.16
3/28/2026,7:46:54 AM,44870.83
3/28/2026,7:47:04 AM,44881.66
3/28/2026,7:47:15 AM,44861.66
3/28/2026,7:47:25 AM,44977.5
3/28/2026,7:47:35 AM,44930.83
3/28/2026,7:47:45 AM,8409.17
3/28/2026,7:47:55 AM,44957.5
3/28/2026,7:48:05 AM,5095.83
3/28/2026,7:48:15 AM,45184.16
3/28/2026,7:48:25 AM,45754.16
3/28/2026,7:48:35 AM,45755
3/28/2026,7:48:45 AM,45655
3/28/2026,7:48:55 AM,45807.5
3/28/2026,7:49:05 AM,45907.5
3/28/2026,7:49:15 AM,46010.83
3/28/2026,7:49:25 AM,46078.33
3/28/2026,7:49:35 AM,6407.5
3/28/2026,7:49:46 AM,46623.33
3/28/2026,7:50:06 AM,0.33
3/28/2026,7:50:16 AM,46640
3/28/2026,7:50:26 AM,0.66
3/28/2026,7:50:36 AM,46745.83
3/28/2026,7:50:46 AM,46661.66
3/28/2026,7:50:56 AM,46695
3/28/2026,7:51:06 AM,46934.16
3/28/2026,7:51:16 AM,47012.5
3/28/2026,7:51:26 AM,46876.66
3/28/2026,7:51:36 AM,47123.33
3/28/2026,7:51:46 AM,47547.5
3/28/2026,7:51:56 AM,47647.5
3/28/2026,7:52:06 AM,47735
3/28/2026,7:52:17 AM,48161.66
3/28/2026,7:52:27 AM,48248.33
3/28/2026,7:52:37 AM,48582.5
3/28/2026,7:52:47 AM,48661.66
3/28/2026,7:52:57 AM,48670
3/28/2026,7:53:07 AM,48650.83
3/28/2026,7:53:17 AM,48640
3/28/2026,7:53:27 AM,48647.5
3/28/2026,7:53:37 AM,48840
3/28/2026,7:53:47 AM,48995
3/28/2026,7:53:57 AM,49127.5
3/28/2026,7:54:07 AM,49051.66
3/28/2026,7:54:17 AM,49111.66
3/28/2026,7:54:27 AM,49245
3/28/2026,7:54:37 AM,49306.66
3/28/2026,7:54:47 AM,49345
3/28/2026,7:54:57 AM,49315
3/28/2026,7:55:08 AM,49251.66
3/28/2026,7:55:18 AM,49249.16
3/28/2026,7:55:28 AM,49395.83
3/28/2026,7:55:38 AM,49350.83
3/28/2026,7:55:48 AM,49419.16
3/28/2026,7:55:58 AM,49575.83
3/28/2026,7:56:08 AM,49524.16
3/28/2026,7:56:18 AM,49432.5
3/28/2026,7:56:28 AM,49507.5
3/28/2026,7:56:38 AM,49668.33
3/28/2026,7:56:48 AM,49654.16
3/28/2026,7:56:58 AM,49891.66
3/28/2026,7:57:08 AM,50095
3/28/2026,7:57:18 AM,50411.66
3/28/2026,7:57:28 AM,50572.5
3/28/2026,7:57:38 AM,50695.83
3/28/2026,7:57:48 AM,50809.16
3/28/2026,7:57:58 AM,51002.5
3/28/2026,7:58:08 AM,51074.16
3/28/2026,7:58:18 AM,51240.83
3/28/2026,7:58:28 AM,51161.66
3/28/2026,7:58:39 AM,51285
3/28/2026,7:58:49 AM,51509.16
3/28/2026,7:58:59 AM,51536.66
3/28/2026,7:59:09 AM,51702.5
3/28/2026,7:59:19 AM,51745.83
3/28/2026,7:59:29 AM,51851.66
3/28/2026,7:59:39 AM,1905
3/28/2026,7:59:49 AM,51895
3/28/2026,7:59:59 AM,51871.66
3/28/2026,8:00:09 AM,51965.83
3/28/2026,8:00:19 AM,52105.83
3/28/2026,8:00:29 AM,52187.5
3/28/2026,8:00:39 AM,52099.16
3/28/2026,8:00:49 AM,52178.33
3/28/2026,8:00:59 AM,52240
3/28/2026,8:01:09 AM,52469.16
3/28/2026,8:01:19 AM,2686.66
3/28/2026,8:01:29 AM,52726.66
3/28/2026,8:01:39 AM,52782.5
3/28/2026,8:01:49 AM,53141.66
3/28/2026,8:02:00 AM,294.16
3/28/2026,8:02:10 AM,53222.5
3/28/2026,8:02:20 AM,53571.66
3/28/2026,8:02:30 AM,53716.66
3/28/2026,8:02:40 AM,53731.66
3/28/2026,8:02:50 AM,53718.33
3/28/2026,8:03:00 AM,617.5
3/28/2026,8:03:10 AM,53693.33
3/28/2026,8:03:20 AM,53721.66
3/28/2026,8:03:30 AM,53694.16
3/28/2026,8:03:40 AM,53775.83
3/28/2026,8:03:50 AM,53955.83
3/28/2026,8:04:00 AM,54209.16
3/28/2026,8:04:10 AM,54274.16
3/28/2026,8:04:20 AM,54335.83
3/28/2026,8:04:30 AM,54456.66
3/28/2026,8:04:40 AM,54322.5
3/28/2026,8:04:50 AM,54355.83
3/28/2026,8:05:00 AM,4612.5
3/28/2026,8:05:10 AM,54234.16
3/28/2026,8:05:21 AM,54105.83
3/28/2026,8:05:31 AM,54050
3/28/2026,8:05:41 AM,54081.66
3/28/2026,8:05:51 AM,54286.66
3/28/2026,8:06:01 AM,494.16
3/28/2026,8:06:11 AM,54465.83
3/28/2026,8:06:21 AM,54584.16
3/28/2026,8:06:31 AM,54612.5
3/28/2026,8:06:41 AM,54612.5
3/28/2026,8:06:51 AM,54612.5
3/28/2026,8:07:01 AM,54496.66
3/28/2026,4:45:21 PM,54612.5
3/28/2026,4:45:29 PM,54612.5
3/28/2026,4:45:39 PM,54612.5
3/28/2026,4:45:49 PM,54612.5
3/28/2026,4:45:59 PM,54612.5
3/28/2026,4:46:09 PM,54612.5
3/28/2026,4:46:19 PM,54612.5
3/28/2026,4:46:29 PM,54612.5
3/28/2026,4:46:39 PM,54612.5
3/28/2026,4:46:49 PM,54612.5
3/28/2026,4:47:00 PM,54612.5
3/28/2026,4:47:10 PM,54612.5
3/28/2026,4:47:20 PM,54612.5
3/28/2026,4:47:30 PM,54612.5
3/28/2026,4:47:40 PM,54612.5
3/28/2026,4:47:50 PM,54612.5
3/28/2026,4:48:00 PM,54612.5
3/28/2026,4:48:10 PM,54612.5
3/28/2026,4:48:20 PM,54612.5
3/28/2026,4:48:30 PM,4612.5
3/28/2026,4:48:40 PM,54612.5
3/28/2026,4:48:50 PM,54612.5
3/28/2026,4:49:00 PM,54612.5
3/28/2026,4:49:10 PM,4612.5
3/28/2026,4:49:20 PM,54612.5
3/28/2026,4:49:30 PM,4612.5
3/28/2026,4:49:40 PM,54612.5
3/28/2026,4:49:50 PM,54612.5
3/28/2026,4:50:01 PM,54612.5
3/28/2026,4:50:11 PM,54612.5
3/28/2026,4:50:21 PM,54612.5
3/28/2026,4:50:31 PM,4612.5
3/28/2026,4:50:41 PM,54612.5
3/28/2026,4:50:51 PM,54612.5
3/28/2026,4:51:01 PM,54612.5
3/28/2026,4:51:11 PM,54612.5
3/28/2026,4:51:21 PM,54612.5
3/28/2026,4:51:31 PM,4612.5
3/28/2026,4:51:41 PM,54612.5
3/28/2026,4:51:51 PM,54612.5
3/28/2026,4:52:01 PM,612.5
3/28/2026,4:52:11 PM,54612.5
3/28/2026,4:52:21 PM,54612.5
3/28/2026,4:52:31 PM,54612.5
3/28/2026,4:52:41 PM,54612.5
3/28/2026,4:52:52 PM,54612.5
3/28/2026,4:53:02 PM,54612.5
3/28/2026,4:53:12 PM,54612.5
3/28/2026,4:53:22 PM,54612.5
3/28/2026,4:53:32 PM,54612.5
3/28/2026,4:53:42 PM,54612.5
3/28/2026,4:53:52 PM,54612.5
3/28/2026,4:54:02 PM,54612.5
3/28/2026,4:54:12 PM,54612.5
3/28/2026,4:54:22 PM,54612.5
3/28/2026,4:54:32 PM,54612.5
3/28/2026,4:54:42 PM,54612.5
3/28/2026,4:54:52 PM,54612.5
3/28/2026,4:55:02 PM,54612.5
3/28/2026,4:55:12 PM,54612.5
3/28/2026,4:55:22 PM,54612.5
3/28/2026,4:55:32 PM,54612.5
3/28/2026,4:55:42 PM,54612.5
3/28/2026,4:55:52 PM,54612.5
3/28/2026,4:56:03 PM,54612.5
3/28/2026,4:56:13 PM,4612.5
3/28/2026,4:56:23 PM,54612.5
3/28/2026,4:56:33 PM,54612.5
3/28/2026,4:56:43 PM,54612.5
3/28/2026,4:56:53 PM,54612.5
3/28/2026,4:57:03 PM,54612.5
3/28/2026,4:57:13 PM,54612.5
3/28/2026,4:57:23 PM,54612.5
3/28/2026,4:57:33 PM,54612.5
3/28/2026,4:57:43 PM,54612.5
3/28/2026,4:57:53 PM,54612.5
3/28/2026,4:58:03 PM,54612.5
3/28/2026,4:58:13 PM,612.5
3/28/2026,4:58:23 PM,54612.5
3/28/2026,4:58:33 PM,54612.5
3/28/2026,4:58:43 PM,54612.5
3/28/2026,4:58:54 PM,54612.5
3/28/2026,4:59:04 PM,54612.5
3/28/2026,4:59:14 PM,54612.5
3/28/2026,4:59:24 PM,54612.5
3/28/2026,4:59:34 PM,54612.5
3/28/2026,4:59:44 PM,54612.5
3/28/2026,4:59:54 PM,54612.5
3/28/2026,5:00:04 PM,54612.5
3/28/2026,5:00:14 PM,54612.5
3/28/2026,5:00:24 PM,54612.5
3/28/2026,5:00:34 PM,54612.5
3/28/2026,5:00:44 PM,54612.5
3/28/2026,5:00:54 PM,54612.5
3/28/2026,5:01:04 PM,54612.5
3/28/2026,5:01:14 PM,54612.5
3/28/2026,5:01:24 PM,54612.5
3/28/2026,5:01:34 PM,54612.5
3/28/2026,5:01:45 PM,54612.5
3/28/2026,5:01:55 PM,54612.5
3/28/2026,5:02:05 PM,54612.5
3/28/2026,5:02:15 PM,54612.5
3/28/2026,5:02:25 PM,54612.5
3/28/2026,5:02:35 PM,4612.5
3/28/2026,5:02:45 PM,54612.5
3/28/2026,5:02:55 PM,4612.5
3/28/2026,5:03:05 PM,54612.5
3/28/2026,5:03:15 PM,54612.5
3/28/2026,5:03:25 PM,54612.5
3/28/2026,5:03:35 PM,54612.5
3/28/2026,5:03:45 PM,54612.5
3/28/2026,5:03:55 PM,54612.5
3/28/2026,5:04:05 PM,54612.5
3/28/2026,5:04:15 PM,54612.5
3/28/2026,5:04:25 PM,54612.5
3/28/2026,5:04:36 PM,54612.5
3/28/2026,5:04:46 PM,12.5
3/28/2026,5:04:56 PM,54612.5
3/28/2026,5:05:06 PM,54612.5
3/28/2026,5:05:16 PM,54612.5
3/28/2026,5:05:26 PM,54612.5
3/28/2026,5:05:36 PM,54612.5
3/28/2026,5:05:46 PM,4612.5
3/28/2026,5:05:56 PM,54612.5
3/28/2026,5:06:06 PM,54612.5
3/28/2026,5:06:16 PM,54612.5
3/28/2026,5:06:26 PM,54612.5
3/28/2026,5:06:36 PM,54612.5
3/28/2026,5:06:46 PM,54612.5
3/28/2026,5:06:56 PM,54612.5
3/28/2026,5:07:06 PM,54612.5
3/28/2026,5:07:16 PM,4612.5
3/28/2026,5:07:27 PM,54612.5
3/28/2026,5:07:37 PM,54612.5
3/28/2026,5:07:47 PM,54612.5
3/28/2026,5:07:57 PM,54612.5
3/28/2026,5:08:07 PM,54612.5
3/28/2026,5:08:17 PM,54612.5
3/28/2026,5:08:27 PM,54612.5
3/28/2026,5:08:37 PM,54612.5
3/28/2026,5:08:47 PM,54612.5
3/28/2026,5:08:57 PM,54612.5
3/28/2026,5:09:07 PM,54612.5
3/28/2026,5:09:17 PM,54612.5
3/28/2026,5:09:27 PM,54612.5
3/28/2026,5:09:37 PM,54612.5
3/28/2026,5:09:47 PM,54612.5
3/28/2026,5:09:57 PM,54612.5
3/28/2026,5:10:07 PM,54612.5
3/28/2026,5:10:17 PM,54612.5
3/28/2026,5:10:28 PM,54612.5
3/28/2026,5:10:38 PM,54612.5
3/28/2026,5:10:48 PM,54612.5
3/28/2026,5:10:58 PM,54612.5
3/28/2026,5:11:08 PM,54612.5
3/28/2026,5:11:18 PM,54612.5
3/28/2026,5:11:28 PM,54612.5
3/28/2026,5:11:38 PM,54612.5
3/28/2026,5:11:48 PM,54612.5
3/28/2026,5:11:58 PM,54612.5
3/28/2026,5:12:08 PM,54612.5
3/28/2026,5:12:18 PM,612.5
3/28/2026,5:12:28 PM,54612.5
3/28/2026,5:12:38 PM,54612.5
3/28/2026,5:12:48 PM,54612.5
3/28/2026,5:12:58 PM,54612.5
3/28/2026,5:13:08 PM,54612.5
3/28/2026,5:13:19 PM,54612.5
3/28/2026,5:13:29 PM,54612.5
3/28/2026,5:13:39 PM,54612.5
3/28/2026,5:13:49 PM,54612.5
3/28/2026,5:13:59 PM,54612.5
3/28/2026,5:14:09 PM,54612.5
3/28/2026,5:14:19 PM,54612.5
3/28/2026,5:14:29 PM,54612.5
3/28/2026,5:14:39 PM,54612.5
3/28/2026,5:14:49 PM,54612.5
3/28/2026,5:14:59 PM,54612.5
3/28/2026,5:15:09 PM,54612.5
3/28/2026,5:15:19 PM,54612.5
3/28/2026,5:15:29 PM,54612.5
3/28/2026,5:15:39 PM,54612.5
3/28/2026,5:15:49 PM,54612.5
3/28/2026,5:16:00 PM,54612.5
3/28/2026,5:16:10 PM,54612.5
3/28/2026,5:16:20 PM,54612.5
3/28/2026,5:16:30 PM,54612.5
3/28/2026,5:16:40 PM,54612.5
3/28/2026,5:16:50 PM,612.5
3/28/2026,5:17:00 PM,54612.5
3/28/2026,5:17:10 PM,54612.5
3/28/2026,5:17:20 PM,54612.5
3/28/2026,5:17:30 PM,54612.5
3/28/2026,5:17:40 PM,54612.5
3/28/2026,5:17:50 PM,54612.5
3/28/2026,5:18:00 PM,54612.5
3/28/2026,5:18:10 PM,54612.5
3/28/2026,5:18:20 PM,54612.5
3/28/2026,5:18:30 PM,54612.5
3/28/2026,5:18:40 PM,54612.5
3/28/2026,5:18:51 PM,54612.5
3/28/2026,5:19:01 PM,54612.5
3/28/2026,5:19:11 PM,4612.5
3/28/2026,5:19:21 PM,54612.5
3/28/2026,5:19:31 PM,54612.5
3/28/2026,5:19:41 PM,54612.5
3/28/2026,5:19:51 PM,4612.5
3/28/2026,5:20:01 PM,54612.5
3/28/2026,5:20:11 PM,4612.5
3/28/2026,5:20:21 PM,54612.5
3/28/2026,5:20:31 PM,54612.5
3/28/2026,5:20:41 PM,54612.5
3/28/2026,5:20:51 PM,54612.5
3/28/2026,5:21:01 PM,54612.5
3/28/2026,5:21:11 PM,54612.5
3/28/2026,5:21:21 PM,54612.5
3/28/2026,5:21:32 PM,54612.5
3/28/2026,5:21:42 PM,54612.5
3/28/2026,5:21:52 PM,54612.5
3/28/2026,5:22:02 PM,54612.5
3/28/2026,5:22:12 PM,54612.5
3/28/2026,5:22:22 PM,0.5
3/28/2026,5:22:32 PM,54612.5
3/28/2026,5:22:42 PM,54612.5
3/28/2026,5:22:52 PM,54612.5
3/28/2026,5:23:02 PM,54612.5
3/28/2026,5:23:12 PM,54612.5
3/28/2026,5:23:22 PM,54612.5
3/28/2026,5:23:32 PM,54612.5
3/28/2026,5:23:42 PM,54612.5
3/28/2026,5:23:52 PM,54612.5
3/28/2026,5:24:03 PM,54612.5
3/28/2026,5:24:13 PM,54612.5
3/28/2026,5:24:23 PM,54612.5
3/28/2026,5:24:33 PM,54612.5
3/28/2026,5:24:43 PM,54612.5
3/28/2026,5:24:53 PM,54612.5
3/28/2026,5:25:03 PM,4612.5
3/28/2026,5:25:13 PM,54612.5
3/28/2026,5:25:23 PM,54612.5
3/28/2026,5:25:33 PM,4612.5
3/28/2026,5:25:43 PM,54612.5
3/28/2026,5:25:53 PM,4612.5
3/28/2026,5:26:03 PM,54612.5
3/28/2026,5:26:13 PM,54612.5
3/28/2026,5:26:24 PM,54612.5
3/28/2026,5:26:34 PM,54612.5
3/28/2026,5:26:44 PM,54612.5
3/28/2026,5:26:54 PM,54612.5
3/28/2026,5:27:04 PM,54612.5
3/28/2026,5:27:14 PM,54612.5
3/28/2026,5:27:24 PM,54612.5
3/28/2026,5:27:34 PM,54612.5
3/28/2026,5:27:44 PM,54612.5
3/28/2026,5:27:54 PM,54612.5
3/28/2026,5:28:04 PM,54612.5
3/28/2026,5:28:14 PM,54612.5
3/28/2026,5:28:24 PM,54612.5
3/28/2026,5:28:34 PM,54612.5
3/28/2026,5:28:44 PM,54612.5
3/28/2026,5:28:55 PM,54612.5
3/28/2026,5:29:05 PM,54612.5
3/28/2026,5:29:15 PM,612.5
3/28/2026,5:29:25 PM,54612.5
3/28/2026,5:29:35 PM,54612.5
3/28/2026,5:29:45 PM,54612.5
3/28/2026,5:29:55 PM,54612.5
3/28/2026,5:30:05 PM,50
3/28/2026,5:30:15 PM,54612.5
3/28/2026,5:30:25 PM,4612.5
3/28/2026,5:30:35 PM,54612.5
3/28/2026,5:30:45 PM,54612.5
3/28/2026,5:30:55 PM,54612.5
3/28/2026,5:31:05 PM,0.5
3/28/2026,5:31:16 PM,54612.5
3/28/2026,5:31:26 PM,54612.5
3/28/2026,5:31:36 PM,54612.5
3/28/2026,5:31:46 PM,54612.5
3/28/2026,5:31:56 PM,54612.5
3/28/2026,5:32:06 PM,54612.5
3/28/2026,5:32:16 PM,4612.5
3/28/2026,5:32:26 PM,54612.5
3/28/2026,5:32:36 PM,54612.5
3/28/2026,5:32:46 PM,54612.5
3/28/2026,5:32:56 PM,54612.5
3/28/2026,5:33:06 PM,54612.5
3/28/2026,5:33:16 PM,54612.5
3/28/2026,5:33:26 PM,54612.5
3/28/2026,5:33:36 PM,54612.5
3/28/2026,5:33:46 PM,54612.5
3/28/2026,5:33:56 PM,54612.5
3/28/2026,5:34:06 PM,54612.5
3/28/2026,5:34:16 PM,54612.5
3/28/2026,5:34:26 PM,54612.5
3/28/2026,5:34:36 PM,54612.5
3/28/2026,5:34:47 PM,54612.5
3/28/2026,5:34:57 PM,54612.5
3/28/2026,5:35:07 PM,54612.5
3/28/2026,5:35:17 PM,54612.5
3/28/2026,5:35:27 PM,54612.5
3/28/2026,5:35:37 PM,54612.5
3/28/2026,5:35:47 PM,54612.5
3/28/2026,5:35:57 PM,54612.5
3/28/2026,5:36:07 PM,54612.5
3/28/2026,5:36:17 PM,54612.5
3/28/2026,5:36:27 PM,54612.5
3/28/2026,5:36:37 PM,54612.5
3/28/2026,5:36:47 PM,54612.5
3/28/2026,5:36:57 PM,54612.5
3/28/2026,5:37:07 PM,54612.5
3/28/2026,5:37:17 PM,54612.5
3/28/2026,5:37:27 PM,54612.5
3/28/2026,5:37:37 PM,54612.5
3/28/2026,5:37:47 PM,54612.5
3/28/2026,5:37:57 PM,54612.5
3/28/2026,5:38:07 PM,54612.5
3/28/2026,5:38:18 PM,54612.5
3/28/2026,5:38:28 PM,54612.5
3/28/2026,5:38:38 PM,54612.5
3/28/2026,5:38:48 PM,54612.5
3/28/2026,5:38:58 PM,54612.5
3/28/2026,5:39:08 PM,54612.5
3/28/2026,5:39:18 PM,54612.5
3/28/2026,5:39:28 PM,54434.16
3/28/2026,5:39:38 PM,53804.16
3/28/2026,5:39:48 PM,51426.66
3/28/2026,5:39:58 PM,43426.66
3/28/2026,5:40:08 PM,47459.16
3/28/2026,5:40:18 PM,49665.83
3/28/2026,5:40:28 PM,49921.66
3/28/2026,5:40:38 PM,50060.83
3/28/2026,5:40:48 PM,49546.66
3/28/2026,5:40:58 PM,46665
3/28/2026,5:41:08 PM,47760.83
3/28/2026,5:41:18 PM,49007.5
3/28/2026,5:41:29 PM,49373.33
3/28/2026,5:41:39 PM,49523.33
3/28/2026,5:41:49 PM,49311.66
3/28/2026,5:41:59 PM,49320.83
3/28/2026,5:42:09 PM,49488.33
3/28/2026,5:42:19 PM,49052.5
3/28/2026,5:42:29 PM,48254.16
3/28/2026,5:42:39 PM,47915.83
3/28/2026,5:42:49 PM,47810
3/28/2026,5:42:59 PM,47566.66
3/28/2026,5:43:09 PM,7231.66
3/28/2026,5:43:19 PM,46995
3/28/2026,5:43:29 PM,47020.83
3/28/2026,5:43:39 PM,71.66
3/28/2026,5:43:49 PM,47095
3/28/2026,5:43:59 PM,47084.16
3/28/2026,5:44:09 PM,68.33
3/28/2026,5:44:19 PM,47352.5
3/28/2026,5:44:29 PM,47450.83
3/28/2026,5:44:39 PM,47551.66
3/28/2026,5:44:50 PM,47512.5
3/28/2026,5:45:00 PM,47361.66
3/28/2026,5:45:10 PM,47218.33
3/28/2026,5:45:20 PM,46985.83
3/28/2026,5:45:30 PM,46781.66
3/28/2026,5:45:40 PM,46461.66
3/28/2026,5:45:50 PM,20
3/28/2026,5:46:00 PM,45801.66
3/28/2026,5:46:10 PM,45485.83
3/28/2026,5:46:20 PM,45265.83
3/28/2026,5:46:30 PM,45169.16
3/28/2026,5:46:40 PM,225.83
3/28/2026,5:46:50 PM,5215
3/28/2026,5:47:00 PM,45145.83
3/28/2026,5:47:10 PM,45139.16
3/28/2026,5:47:20 PM,45159.16
3/28/2026,5:47:30 PM,45315.83
3/28/2026,5:47:40 PM,45464.16
3/28/2026,5:47:50 PM,45373.33
3/28/2026,5:48:00 PM,45188.33
3/28/2026,5:48:10 PM,44940
3/28/2026,5:48:21 PM,44708.33
3/28/2026,5:48:31 PM,44459.16
3/28/2026,5:48:41 PM,44120
3/28/2026,5:48:51 PM,43700
3/28/2026,5:49:01 PM,43242.5
3/28/2026,5:49:11 PM,42794.16
3/28/2026,5:49:21 PM,42401.66
3/28/2026,5:49:31 PM,41988.33
3/28/2026,5:49:41 PM,41760.83
3/28/2026,5:49:51 PM,41466.66
3/28/2026,5:50:01 PM,41312.5
3/28/2026,5:50:11 PM,41258.33
3/28/2026,5:50:21 PM,41267.5
3/28/2026,5:50:31 PM,41258.33
3/28/2026,5:50:41 PM,41226.66
3/28/2026,5:50:51 PM,41154.16
3/28/2026,5:51:01 PM,40923.33
3/28/2026,5:51:11 PM,40724.16
3/28/2026,5:51:21 PM,40549.16
3/28/2026,5:51:32 PM,40390.83
3/28/2026,5:51:42 PM,40230.83
3/28/2026,5:51:52 PM,40125.83
3/28/2026,5:52:02 PM,40144.16
3/28/2026,5:52:12 PM,40161.66
3/28/2026,5:52:22 PM,40206.66
3/28/2026,5:52:32 PM,40275
3/28/2026,5:52:42 PM,40266.66
3/28/2026,5:52:52 PM,40253.33
3/28/2026,5:53:02 PM,40115.83
3/28/2026,5:53:12 PM,39905.83
3/28/2026,5:53:22 PM,39562.5
3/28/2026,5:53:32 PM,39215.83
3/28/2026,5:53:42 PM,39091.66
3/28/2026,5:53:52 PM,38847.5
3/28/2026,5:54:02 PM,38715.83
3/28/2026,5:54:12 PM,38486.66
3/28/2026,5:54:22 PM,38346.66
3/28/2026,5:54:33 PM,38293.33
3/28/2026,5:54:43 PM,8276.66
3/28/2026,5:54:53 PM,38316.66
3/28/2026,5:55:03 PM,38223.33
3/28/2026,5:55:13 PM,38150
3/28/2026,5:55:23 PM,38008.33
3/28/2026,5:55:33 PM,37889.16
3/28/2026,5:55:43 PM,37722.5
3/28/2026,5:55:53 PM,37398.33
3/28/2026,5:56:03 PM,37080.83
3/28/2026,5:56:13 PM,36800
3/28/2026,5:56:23 PM,36512.5
3/28/2026,5:56:33 PM,36185
3/28/2026,5:56:43 PM,35884.16
3/28/2026,5:56:53 PM,35614.16
3/28/2026,5:57:03 PM,35487.5
3/28/2026,5:57:13 PM,35342.5
3/28/2026,5:57:23 PM,35199.16
3/28/2026,5:57:33 PM,35002.5
3/28/2026,5:57:43 PM,34890
3/28/2026,5:57:54 PM,34812.5
3/28/2026,5:58:04 PM,34721.66
3/28/2026,5:58:14 PM,34587.5
3/28/2026,5:58:24 PM,34506.66
3/28/2026,5:58:34 PM,34414.16
3/28/2026,5:58:44 PM,34295
3/28/2026,5:58:54 PM,34135
3/28/2026,5:59:04 PM,33881.66
3/28/2026,5:59:14 PM,654.16
3/28/2026,5:59:24 PM,33513.33
3/28/2026,5:59:34 PM,33393.33
3/28/2026,5:59:44 PM,33324.16
3/28/2026,5:59:54 PM,3220.83
3/28/2026,6:00:04 PM,1.66
3/28/2026,6:00:14 PM,32999.16
3/28/2026,6:00:24 PM,2830.83
3/28/2026,6:00:34 PM,32657.5
3/28/2026,6:00:44 PM,32455.83
3/28/2026,6:00:54 PM,32186.67
3/28/2026,6:01:05 PM,31890
3/28/2026,6:01:15 PM,31641.67
3/28/2026,6:01:25 PM,31429.17
3/28/2026,6:01:35 PM,31200
3/28/2026,6:01:45 PM,30997.5
3/28/2026,6:01:55 PM,30765
3/28/2026,6:02:05 PM,76.67
3/28/2026,6:02:15 PM,30512.5
3/28/2026,6:02:25 PM,415
3/28/2026,6:02:35 PM,216.67
3/28/2026,6:02:45 PM,30110
3/28/2026,6:02:55 PM,29980
3/28/2026,6:03:05 PM,29855.83
3/28/2026,6:03:15 PM,9744.17
3/28/2026,6:03:25 PM,1.67
3/28/2026,6:03:35 PM,29362.5
3/28/2026,6:03:45 PM,29166.67
3/28/2026,6:03:55 PM,9013.33
3/28/2026,6:04:05 PM,28863.33
3/28/2026,6:04:16 PM,28705
3/28/2026,6:04:26 PM,28511.67
3/28/2026,6:04:36 PM,28373.33
3/28/2026,6:04:46 PM,28199.17
3/28/2026,6:04:56 PM,28009.17
3/28/2026,6:05:06 PM,27870.83
3/28/2026,6:05:16 PM,27720
3/28/2026,6:05:26 PM,27530.83
3/28/2026,6:05:36 PM,27345.83
3/28/2026,6:05:46 PM,5
3/28/2026,6:05:56 PM,26987.5
3/28/2026,6:06:06 PM,26942.5
3/28/2026,6:06:16 PM,26788.33
3/28/2026,6:06:26 PM,26496.67
3/28/2026,6:06:36 PM,26267.5
3/28/2026,6:06:46 PM,26109.17
3/28/2026,6:06:56 PM,25958.33
3/28/2026,6:07:06 PM,25745.83
3/28/2026,6:07:16 PM,25515
3/28/2026,6:07:27 PM,25281.67
3/28/2026,6:07:37 PM,25010.83
3/28/2026,6:07:47 PM,24811.67
3/28/2026,6:07:57 PM,24653.33
3/28/2026,6:08:07 PM,24556.67
3/28/2026,6:08:17 PM,24435.83
3/28/2026,6:08:27 PM,24365
3/28/2026,6:08:37 PM,24241.67
3/28/2026,6:08:47 PM,24082.5
3/28/2026,6:08:57 PM,914.17
3/28/2026,6:09:07 PM,23751.67
3/28/2026,6:09:17 PM,23576.67
3/28/2026,6:09:27 PM,23404.17
3/28/2026,6:09:37 PM,23213.33
3/28/2026,6:09:47 PM,23024.17
3/28/2026,6:09:57 PM,22813.33
3/28/2026,6:10:07 PM,22605
3/28/2026,6:10:17 PM,22426.67
3/28/2026,6:10:28 PM,22283.33
3/28/2026,6:10:38 PM,22153.33
3/28/2026,6:10:48 PM,1984.17
3/28/2026,6:10:58 PM,21845
3/28/2026,6:11:08 PM,21711.67
3/28/2026,6:11:18 PM,1596.67
3/28/2026,6:11:28 PM,21497.5
3/28/2026,6:11:38 PM,21435
3/28/2026,6:11:48 PM,376.67
3/28/2026,6:11:58 PM,21290
3/28/2026,6:12:08 PM,21163.33
3/28/2026,6:12:18 PM,21050.83
3/28/2026,6:12:28 PM,20942.5
3/28/2026,6:12:38 PM,20840.83
3/28/2026,6:12:48 PM,734.17
3/28/2026,6:12:58 PM,20620
3/28/2026,6:13:08 PM,20510.83
3/28/2026,6:13:19 PM,20373.33
3/28/2026,6:13:29 PM,20234.17
3/28/2026,6:13:39 PM,20070
3/28/2026,6:13:49 PM,4.17
3/28/2026,6:13:59 PM,19648.33
3/28/2026,6:14:09 PM,19407.5
3/28/2026,6:14:19 PM,19174.17
3/28/2026,6:14:29 PM,18981.67
3/28/2026,6:14:39 PM,18758.33
3/28/2026,6:14:49 PM,18541.67
3/28/2026,6:14:59 PM,18311.67
3/28/2026,6:15:09 PM,18087.5
3/28/2026,6:15:19 PM,17852.5
3/28/2026,6:15:29 PM,7630
3/28/2026,6:15:39 PM,17411.67
3/28/2026,6:15:49 PM,17245.83
3/28/2026,6:15:59 PM,17062.5
3/28/2026,6:16:10 PM,16888.33
3/28/2026,6:16:20 PM,16753.33
3/28/2026,6:16:30 PM,16605
3/28/2026,6:16:40 PM,16460.83
3/28/2026,6:16:50 PM,16293.33
3/28/2026,6:17:00 PM,16080.83
3/28/2026,6:17:10 PM,15892.5
3/28/2026,6:17:20 PM,15633.33
3/28/2026,6:17:30 PM,15470
3/28/2026,6:17:40 PM,15246.67
3/28/2026,6:17:50 PM,15135
3/28/2026,6:18:00 PM,14998.33
3/28/2026,6:18:10 PM,14855.83
3/28/2026,6:18:20 PM,14715.83
3/28/2026,6:18:30 PM,14562.5
3/28/2026,6:18:40 PM,14419.17
3/28/2026,6:18:50 PM,264.17
3/28/2026,6:19:01 PM,14178.33
3/28/2026,6:19:11 PM,14045
3/28/2026,6:19:21 PM,13961.67
3/28/2026,6:19:31 PM,3810.83
3/28/2026,6:19:41 PM,13616.67
3/28/2026,6:19:51 PM,13480.83
3/28/2026,6:20:01 PM,13355
3/28/2026,6:20:11 PM,13244.17
3/28/2026,6:20:21 PM,13135
3/28/2026,6:20:31 PM,13017.5
3/28/2026,6:20:41 PM,12881.67
3/28/2026,6:20:51 PM,12737.5
3/28/2026,6:21:01 PM,12592.5
3/28/2026,6:21:11 PM,12432.5
3/28/2026,6:21:21 PM,12274.17
3/28/2026,6:21:31 PM,12166.67
3/28/2026,6:21:41 PM,12017.5
3/28/2026,6:21:52 PM,11844.17
3/28/2026,6:22:02 PM,11680.83
3/28/2026,6:22:12 PM,11504.17
3/28/2026,6:22:22 PM,11369.17
3/28/2026,6:22:32 PM,11248.33
3/28/2026,6:22:42 PM,11090.83
3/28/2026,6:22:52 PM,10961.67
3/28/2026,6:23:02 PM,10820
3/28/2026,6:23:12 PM,10665
3/28/2026,6:23:22 PM,10539.17
3/28/2026,6:23:32 PM,10407.5
3/28/2026,6:23:42 PM,10277.5
3/28/2026,6:23:52 PM,10140
3/28/2026,6:24:02 PM,9990.83
3/28/2026,6:24:12 PM,9843.33
3/28/2026,6:24:23 PM,9695.83
3/28/2026,6:24:33 PM,9526.67
3/28/2026,6:24:43 PM,9367.5
3/28/2026,6:24:53 PM,9196.67
3/28/2026,6:25:03 PM,9030.83
3/28/2026,6:25:13 PM,8877.5
3/28/2026,6:25:33 PM,8574.17
3/28/2026,6:25:43 PM,0.67
3/28/2026,6:25:53 PM,8275.83
3/28/2026,6:26:03 PM,135
3/28/2026,6:26:13 PM,7992.5
3/28/2026,6:26:23 PM,7859.17
3/28/2026,6:26:33 PM,7735
3/28/2026,6:26:43 PM,7608.33
3/28/2026,6:26:53 PM,7475
3/28/2026,6:27:04 PM,7346.67
3/28/2026,6:27:14 PM,7220
3/28/2026,6:27:24 PM,90
3/28/2026,6:27:34 PM,6985
3/28/2026,6:27:44 PM,6865.83
3/28/2026,6:27:54 PM,6749.17
3/28/2026,6:28:04 PM,6643.33
3/28/2026,6:28:14 PM,6537.5
3/28/2026,6:28:24 PM,6432.5
3/28/2026,6:28:34 PM,327.5
3/28/2026,6:28:44 PM,6225
3/28/2026,6:28:54 PM,6118.33
3/28/2026,6:29:04 PM,5995
3/28/2026,6:29:14 PM,5899.17
3/28/2026,6:29:24 PM,5798.33
3/28/2026,6:29:34 PM,5698.33
3/28/2026,6:29:44 PM,5598.33
3/28/2026,6:29:55 PM,5500.83
3/28/2026,6:30:05 PM,5403.33
3/28/2026,6:30:25 PM,5220
3/28/2026,6:30:35 PM,5126.67
3/28/2026,6:30:45 PM,5044.17
3/28/2026,6:30:55 PM,4961.67
3/28/2026,6:31:05 PM,4874.17
3/28/2026,6:31:15 PM,0.33
3/28/2026,6:31:25 PM,4703.33
3/28/2026,6:31:35 PM,4622.5
3/28/2026,6:31:45 PM,4537.5
3/28/2026,6:31:55 PM,4447.5
3/28/2026,6:32:05 PM,4365.83
3/28/2026,6:32:15 PM,4286.67
3/28/2026,6:32:26 PM,4209.17
3/28/2026,6:32:36 PM,4127.5
3/28/2026,6:32:46 PM,4054.17
3/28/2026,6:32:56 PM,3978.33
3/28/2026,6:33:06 PM,3909.17
3/28/2026,6:33:16 PM,3840
3/28/2026,6:33:26 PM,3770
3/28/2026,6:33:36 PM,3704.17
3/28/2026,6:33:46 PM,3636.67
3/28/2026,6:33:56 PM,69.17
3/28/2026,6:34:06 PM,3503.33
3/28/2026,6:34:16 PM,3436.67
3/28/2026,6:34:26 PM,3371.67
3/28/2026,6:34:36 PM,3306.67
3/28/2026,6:34:46 PM,3240
3/28/2026,6:34:56 PM,174.17
3/28/2026,6:35:07 PM,3112.5
3/28/2026,6:35:17 PM,3053.33
3/28/2026,6:35:27 PM,95.83
3/28/2026,6:35:37 PM,2940
3/28/2026,6:35:47 PM,2884.17
3/28/2026,6:35:57 PM,2828.33
3/28/2026,6:36:07 PM,2774.17
3/28/2026,6:36:17 PM,67
3/28/2026,6:36:27 PM,2670.83
3/28/2026,6:36:37 PM,2620
3/28/2026,6:36:47 PM,2569.17
3/28/2026,6:36:57 PM,2520
3/28/2026,6:37:07 PM,2470.83
3/28/2026,6:37:17 PM,2420
3/28/2026,6:37:28 PM,2372.5
3/28/2026,6:37:38 PM,325.83
3/28/2026,6:37:48 PM,280
3/28/2026,6:37:58 PM,2234.17
3/28/2026,6:38:08 PM,2192.5
3/28/2026,6:38:18 PM,2147.5
3/28/2026,6:38:28 PM,2105
3/28/2026,6:38:38 PM,63.33
3/28/2026,6:38:48 PM,22.5
3/28/2026,6:38:58 PM,0.33
3/28/2026,6:39:08 PM,1944.17
3/28/2026,6:39:18 PM,6.67
3/28/2026,6:39:28 PM,1871.67
3/28/2026,6:39:38 PM,1834.17
3/28/2026,6:39:48 PM,1798.33
3/28/2026,6:39:58 PM,1765
3/28/2026,6:40:09 PM,1730.83
3/28/2026,6:40:19 PM,1698.33
3/28/2026,6:40:29 PM,1665.83
3/28/2026,6:40:39 PM,1634.17
3/28/2026,6:40:49 PM,1602.5
3/28/2026,6:40:59 PM,569.17
3/28/2026,6:41:09 PM,1539.17
3/28/2026,6:41:19 PM,1510
3/28/2026,6:41:29 PM,1480
3/28/2026,6:41:39 PM,1451.67
3/28/2026,6:41:49 PM,1422.5
3/28/2026,6:41:59 PM,1395
3/28/2026,6:42:09 PM,1366.67
3/28/2026,6:42:19 PM,1340
3/28/2026,6:42:29 PM,1313.33
3/28/2026,6:42:39 PM,1289.17
3/28/2026,6:42:50 PM,1112.5
3/28/2026,6:43:00 PM,1095.83
3/28/2026,6:43:10 PM,1077.5
3/28/2026,6:43:20 PM,1056.67
3/28/2026,6:43:40 PM,1018.33
3/28/2026,6:43:50 PM,997.5
3/28/2026,6:44:00 PM,979.17
3/28/2026,6:44:10 PM,61.67
3/28/2026,6:44:20 PM,941.67
3/28/2026,6:44:30 PM,924.17
3/28/2026,6:44:40 PM,906.67
3/28/2026,6:44:50 PM,888.33
3/28/2026,6:45:00 PM,870
3/28/2026,6:45:10 PM,853.33
3/28/2026,6:45:20 PM,835.83
3/28/2026,6:45:30 PM,820
3/28/2026,6:45:40 PM,804.17
3/28/2026,6:45:50 PM,786.67
3/28/2026,6:46:00 PM,771.67
3/28/2026,6:46:10 PM,756.67
3/28/2026,6:46:20 PM,740.83
3/28/2026,6:46:31 PM,726.67
3/28/2026,6:46:51 PM,697.5
3/28/2026,6:47:01 PM,83.33
3/28/2026,6:47:11 PM,70
3/28/2026,6:47:21 PM,656.67
3/28/2026,6:47:31 PM,643.33
3/28/2026,6:47:41 PM,30
3/28/2026,6:47:51 PM,617.5
3/28/2026,6:48:01 PM,605.83
3/28/2026,6:48:11 PM,595
3/28/2026,6:48:21 PM,582.5
3/28/2026,6:48:31 PM,70.83
3/28/2026,6:48:41 PM,560
3/28/2026,6:48:51 PM,548.33
3/28/2026,6:49:01 PM,538.33
3/28/2026,6:49:11 PM,527.5
3/28/2026,6:49:21 PM,516.67
3/28/2026,6:49:31 PM,506.67
3/28/2026,6:49:41 PM,501.67
3/28/2026,6:49:52 PM,497.5
3/28/2026,6:50:02 PM,486.67
3/28/2026,6:50:12 PM,476.67
3/28/2026,6:50:22 PM,467.5
3/28/2026,6:50:32 PM,458.33
3/28/2026,6:50:42 PM,449.17
3/28/2026,6:50:52 PM,40
3/28/2026,6:51:02 PM,431.67
3/28/2026,6:51:12 PM,415.83
3/28/2026,6:51:22 PM,408.33
3/28/2026,6:51:32 PM,400
3/28/2026,6:51:42 PM,392.5
3/28/2026,6:51:52 PM,385.83
3/28/2026,6:52:02 PM,7.5
3/28/2026,6:52:12 PM,369.17
3/28/2026,6:52:22 PM,370.83
3/28/2026,6:52:32 PM,363.33
3/28/2026,6:52:42 PM,55.83
3/28/2026,6:52:52 PM,349.17
3/28/2026,6:53:02 PM,341.67
3/28/2026,6:53:13 PM,335
3/28/2026,6:53:23 PM,328.33
3/28/2026,6:53:33 PM,320.83
3/28/2026,6:53:43 PM,13.33
3/28/2026,6:53:53 PM,306.67
3/28/2026,6:54:03 PM,300
3/28/2026,6:54:13 PM,295
3/28/2026,6:54:23 PM,288.33
3/28/2026,6:54:33 PM,282.5
3/28/2026,6:54:43 PM,275.83
3/28/2026,6:54:53 PM,270
3/28/2026,6:55:03 PM,263.33
3/28/2026,6:55:13 PM,257.5
3/28/2026,6:55:23 PM,251.67
3/28/2026,6:55:33 PM,245.83
3/28/2026,6:55:43 PM,0
3/28/2026,6:55:53 PM,235
3/28/2026,6:56:03 PM,29.17
3/28/2026,6:56:13 PM,224.17
3/28/2026,6:56:24 PM,218.33
3/28/2026,6:56:34 PM,213.33
3/28/2026,6:56:44 PM,207.5
3/28/2026,6:56:54 PM,202.5
3/28/2026,6:57:04 PM,197.5
3/28/2026,6:57:14 PM,192.5
3/28/2026,6:57:24 PM,67.5
3/28/2026,6:57:34 PM,65
3/28/2026,6:57:44 PM,0.83
3/28/2026,6:57:54 PM,0.83
3/28/2026,6:58:04 PM,0
3/28/2026,6:58:14 PM,0
3/28/2026,6:58:24 PM,0
2026-03-29 08:45:30,40498.33
2026-03-29 08:45:30,40498.33
2026-03-29 08:45:30,40498.33
2026-03-29 08:45:30,40498.33
2026-03-29 08:45:30,40498.33
2026-03-29 08:45:30,40498.33
2026-03-29 08:45:30,40498.33
2026-03-29 08:45:30,40498.33
2026-03-29 08:45:30,40498.33
2026-03-29 08:45:30,40498.33
2026-03-29 08:45:30,40498.33
2026-03-29 08:45:30,40498.33
2026-03-29 08:45:30,40498.33
2026-03-29 08:45:30,40498.33
2026-03-29 08:45:30,40498.33
2026-03-29 08:45:30,40498.33
2026-03-29 08:45:30,40498.33
2026-03-29 08:45:30,40498.33
2026-03-29 08:45:30,40498.33
2026-03-29 08:45:30,40498.33
2026-03-29 08:45:30,40498.33
2026-03-29 08:45:30,40498.33
2026-03-29 08:45:30,40498.33
2026-03-29 08:45:30,40498.33
2026-03-29 08:45:30,40498.33
2026-03-29 08:45:30,40498.33
2026-03-29 08:45:30,40498.33
2026-03-29 08:45:30,40498.33
2026-03-29 08:45:30,40498.33
2026-03-29 08:45:30,40498.33
2026-03-29 08:45:30,40498.33
2026-03-29 08:45:30,40498.33
2026-03-29 08:45:30,40498.33
2026-03-29 08:45:30,40498.33
2026-03-29 08:45:30,40498.33
2026-03-29 08:45:30,40498.33
2026-03-29 08:45:30,40498.33
2026-03-29 08:45:30,40498.33
2026-03-29 08:45:30,40498.33
2026-03-29 08:45:30,40498.33
2026-03-29 08:45:30,40498.33
2026-03-29 08:45:30,40498.33
2026-03-29 08:45:30,40498.33
2026-03-29 08:45:30,40498.33
2026-03-29 08:45:30,40498.33
2026-03-29 08:45:30,40498.33
2026-03-29 08:45:30,40498.33
2026-03-29 08:45:30,40498.33
2026-03-29 08:45:30,40498.33
2026-03-29 08:45:30,40498.33
2026-03-29 08:45:30,40498.33
2026-03-29 08:45:30,40498.33
2026-03-29 08:45:30,40498.33
2026-03-29 08:45:30,40498.33
2026-03-29 08:45:30,40498.33
2026-03-29 08:45:30,40498.33
2026-03-29 08:45:30,40498.33
2026-03-29 08:45:30,40498.33
2026-03-29 08:45:30,40498.33
2026-03-29 08:45:30,40498.33
2026-03-29 08:45:30,40498.33
2026-03-29 08:45:30,40498.33
2026-03-29 08:45:30,40498.33
2026-03-29 08:45:30,40498.33
2026-03-29 08:45:30,40498.33
2026-03-29 08:45:30,40498.33
2026-03-29 08:45:30,40498.33
2026-03-29 08:45:30,40498.33
2026-03-29 08:45:30,40498.33
2026-03-29 08:45:30,40498.33
2026-03-29 08:45:30,40498.33
2026-03-29 08:45:30,40498.33
2026-03-29 08:45:30,40498.33
2026-03-29 08:45:30,40498.33
2026-03-29 08:45:30,40498.33
2026-03-29 08:45:30,40498.33
2026-03-29 08:45:30,40555.83
2026-03-29 08:45:39,40281.66
2026-03-29 08:45:49,40666.66
2026-03-29 08:45:59,40603.33
2026-03-29 08:46:09,40693.33
2026-03-29 08:46:19,40560.83
2026-03-29 08:46:29,40413.33
2026-03-29 08:46:39,40451.66
2026-03-29 08:46:49,40290.0
2026-03-29 08:46:59,40437.5
2026-03-29 08:47:09,40386.66
2026-03-29 08:47:19,40314.16
2026-03-29 08:47:29,40175.0
2026-03-29 08:47:39,40178.33
2026-03-29 08:47:49,40015.0
2026-03-29 08:47:59,39942.5
2026-03-29 08:48:09,39841.66
2026-03-29 08:48:19,39774.16
2026-03-29 08:48:29,39801.66
2026-03-29 08:48:39,39764.16
2026-03-29 08:48:50,39837.5
2026-03-29 08:49:00,39786.66
2026-03-29 08:49:10,39965.83
2026-03-29 08:49:20,39915.0
2026-03-29 08:49:30,39963.33
2026-03-29 08:49:40,40041.66
2026-03-29 08:49:50,39914.16
2026-03-29 08:50:00,39968.33
2026-03-29 08:50:10,39995.0
2026-03-29 08:50:20,39970.0
2026-03-29 08:50:30,39985.83
2026-03-29 08:50:40,40026.66
2026-03-29 08:50:50,39917.5
2026-03-29 08:51:00,39985.0
2026-03-29 08:51:10,40206.66
2026-03-29 08:51:20,40494.16
2026-03-29 08:51:30,40607.5
2026-03-29 08:51:40,40632.5
2026-03-29 08:51:50,40611.66
2026-03-29 08:52:01,40535.0
2026-03-29 08:52:11,40486.66
2026-03-29 08:52:21,40355.83
2026-03-29 08:52:31,40336.66
2026-03-29 08:52:41,40336.66
2026-03-29 08:52:51,40104.16
2026-03-29 08:53:01,40070.0
2026-03-29 08:53:11,39926.66
2026-03-29 08:53:21,39890.83
2026-03-29 08:53:31,39797.5
2026-03-29 08:53:41,39785.83
2026-03-29 08:53:51,39909.16
2026-03-29 08:54:01,39895.0
2026-03-29 08:54:11,40010.0
2026-03-29 08:54:21,40155.83
2026-03-29 08:54:31,40037.5
2026-03-29 08:54:41,40009.16
2026-03-29 08:54:51,39870.0
2026-03-29 08:55:01,40054.16
2026-03-29 08:55:11,40070.83
2026-03-29 08:55:21,39895.0
2026-03-29 08:55:32,39886.66
2026-03-29 08:55:42,39719.16
2026-03-29 08:55:52,39700.83
2026-03-29 08:56:02,39688.33
2026-03-29 08:56:12,39770.0
2026-03-29 08:56:22,39720.83
2026-03-29 08:56:32,39565.0
2026-03-29 08:56:42,39520.0
2026-03-29 08:56:52,39589.16
2026-03-29 08:57:02,39574.16
2026-03-29 08:57:12,39233.33
2026-03-29 08:57:22,39354.16
2026-03-29 08:57:32,39476.66
2026-03-29 08:57:42,39668.33
2026-03-29 08:57:52,39624.16
2026-03-29 08:58:02,39625.83
2026-03-29 08:58:12,39614.16
2026-03-29 08:58:22,39323.33
2026-03-29 08:58:32,39072.5
2026-03-29 08:58:42,38908.33
2026-03-29 08:58:53,38633.33
2026-03-29 08:59:03,38870.83
2026-03-29 08:59:13,38793.33
2026-03-29 08:59:23,38523.33
2026-03-29 08:59:33,38431.66
2026-03-29 08:59:43,38422.5
2026-03-29 08:59:53,38534.16
2026-03-29 09:00:03,38737.5
2026-03-29 09:00:13,38850.0
2026-03-29 09:00:23,39094.16
2026-03-29 09:00:33,39463.33
2026-03-29 09:00:43,39352.5
2026-03-29 09:00:53,39337.5
2026-03-29 09:01:03,39141.66
2026-03-29 09:01:13,39090.0
2026-03-29 09:01:23,39245.0
2026-03-29 09:01:33,39186.66
2026-03-29 09:01:43,39295.83
2026-03-29 09:01:53,39415.0
2026-03-29 09:02:04,39526.66
2026-03-29 09:02:14,39564.16
2026-03-29 09:02:24,39661.66
2026-03-29 09:02:34,39658.33
2026-03-29 09:02:44,39634.16
2026-03-29 09:02:54,39750.83
2026-03-29 09:03:04,39587.5
2026-03-29 09:03:14,39550.0
2026-03-29 09:03:24,39456.66
2026-03-29 09:03:34,39585.0
2026-03-29 09:03:44,39455.0
2026-03-29 09:03:54,39268.33
2026-03-29 09:04:04,39093.33
2026-03-29 09:04:14,39004.16
2026-03-29 09:04:24,38915.0
2026-03-29 09:04:34,39103.33
2026-03-29 09:04:44,39022.5
2026-03-29 09:04:54,38892.5
2026-03-29 09:05:05,38785.0
2026-03-29 09:05:15,38761.66
2026-03-29 09:05:25,38720.0
2026-03-29 09:05:35,38590.83
2026-03-29 09:05:45,38561.66
2026-03-29 09:05:55,38474.16
2026-03-29 09:06:05,38384.16
2026-03-29 09:06:15,38419.16
2026-03-29 09:06:25,38737.5
2026-03-29 09:06:35,38881.66
2026-03-29 09:06:45,38734.16
2026-03-29 09:06:55,38595.83
2026-03-29 09:07:05,38841.66
2026-03-29 09:07:15,39040.0
2026-03-29 09:07:25,39752.5
2026-03-29 09:07:35,39765.83
2026-03-29 09:07:45,39529.16
2026-03-29 09:07:55,39147.5
2026-03-29 09:08:06,38945.83
2026-03-29 09:08:16,38497.5
2026-03-29 09:08:26,38799.16
2026-03-29 09:08:36,38720.0
2026-03-29 09:08:46,38877.5
2026-03-29 09:08:56,39128.33
2026-03-29 09:09:06,39115.83
2026-03-29 09:09:16,38718.33
2026-03-29 09:09:26,38813.33
2026-03-29 09:09:36,39040.83
2026-03-29 09:09:46,39093.33
2026-03-29 09:09:56,39289.16
2026-03-29 09:10:06,39165.0
2026-03-29 09:10:16,39060.83
2026-03-29 09:10:26,39275.0
2026-03-29 09:10:36,39132.5
2026-03-29 09:10:46,38765.0
2026-03-29 09:10:57,38886.66
2026-03-29 09:11:07,39374.16
2026-03-29 09:11:17,39648.33
2026-03-29 09:11:27,39441.66
2026-03-29 09:11:37,39131.66
2026-03-29 09:11:47,39076.66
2026-03-29 09:11:57,30960.0
2026-03-29 09:12:07,54612.5
2026-03-29 09:12:17,54612.5
2026-03-29 09:12:27,54612.5
2026-03-29 13:05:07,362.5
2026-03-29 13:05:15,207.5
2026-03-29 13:05:25,232.5
2026-03-29 13:05:35,1708.33
2026-03-29 13:05:45,54612.5
2026-03-29 13:05:55,54612.5
2026-03-29 13:06:05,54612.5
2026-03-29 13:06:15,54612.5
2026-03-29 13:06:25,54612.5
2026-03-29 13:06:35,54612.5
2026-03-29 13:06:46,54612.5
2026-03-29 13:06:56,54612.5
2026-03-29 13:07:06,54612.5
2026-03-29 13:07:16,54612.5
2026-03-29 13:07:26,54612.5
2026-03-29 13:07:36,54612.5
2026-03-29 13:07:46,54612.5
2026-03-29 13:07:56,54612.5
2026-03-29 13:08:06,54612.5
2026-03-29 13:08:16,54612.5
2026-03-29 13:08:26,54612.5
2026-03-29 13:08:36,54612.5
2026-03-29 13:08:46,54612.5
2026-03-29 13:08:56,12.5
2026-03-29 13:09:06,54612.5
2026-03-29 13:09:16,54612.5
2026-03-29 13:09:26,54612.5
2026-03-29 13:09:37,54612.5
2026-03-29 13:09:47,54612.5
2026-03-29 13:09:57,54612.5
2026-03-29 13:10:07,54612.5
2026-03-29 13:10:17,54612.5
2026-03-29 13:10:27,54612.5
2026-03-29 13:10:37,612.5
2026-03-29 13:10:47,54612.5
2026-03-29 13:10:57,54612.5
2026-03-29 13:11:07,54612.5
2026-03-29 13:11:17,54612.5
2026-03-29 13:11:27,54612.5
2026-03-29 13:11:37,54612.5
2026-03-29 13:11:47,54612.5
2026-03-29 13:11:57,54612.5
2026-03-29 13:12:08,54612.5
2026-03-29 13:12:18,54612.5
2026-03-29 13:12:28,54612.5
2026-03-29 13:12:38,54612.5
2026-03-29 13:12:48,54612.5
2026-03-29 13:12:58,54612.5
2026-03-29 13:13:08,54612.5
2026-03-29 13:13:18,54612.5
2026-03-29 13:13:28,54612.5
2026-03-29 13:13:38,54612.5
2026-03-29 13:13:48,54612.5
2026-03-29 13:13:58,54612.5
2026-03-29 13:14:08,54612.5
2026-03-29 13:14:18,54612.5
2026-03-29 13:14:28,54612.5
2026-03-29 13:14:38,54612.5
2026-03-29 13:14:49,54612.5
2026-03-29 18:26:39,5866.67
2026-03-29 18:26:47,5723.33
2026-03-29 18:26:57,5673.33
2026-03-29 18:27:08,5601.67
2026-03-29 18:27:18,5542.5
2026-03-29 18:27:28,5474.17
2026-03-29 18:27:38,5407.5
2026-03-29 18:27:48,5344.17
2026-03-29 18:27:58,5320.0
2026-03-29 18:28:08,5220.0
2026-03-29 18:28:18,5156.67
2026-03-29 18:28:28,5088.33
2026-03-29 18:28:38,5035.0
2026-03-29 18:28:48,4963.33
2026-03-29 18:28:58,4906.67
2026-03-29 18:29:08,4835.0
2026-03-29 18:29:18,4764.17
2026-03-29 18:29:28,4705.0
2026-03-29 18:29:38,4631.67
2026-03-29 18:29:49,4558.33
2026-03-29 18:29:59,4488.33
2026-03-29 18:30:09,4421.67
2026-03-29 18:30:19,4348.33
2026-03-29 18:30:29,4475.83
2026-03-29 18:30:39,4421.67
2026-03-29 18:30:49,4125.0
2026-03-29 18:30:59,4042.5
2026-03-29 18:31:09,3954.17
2026-03-29 18:31:19,3862.5
2026-03-29 18:31:29,3765.83
2026-03-29 18:31:39,3666.67
2026-03-29 18:31:49,3563.33
2026-03-29 18:31:59,3458.33
2026-03-29 18:32:09,3346.67
2026-03-29 18:32:19,3236.67
2026-03-29 18:32:29,3125.0
2026-03-29 18:32:40,3015.83
2026-03-29 18:32:50,2909.17
2026-03-29 18:33:00,2805.83
2026-03-29 18:33:10,2703.33
2026-03-29 18:33:20,2603.33
2026-03-29 18:33:30,2506.67
2026-03-29 18:33:40,2411.67
2026-03-29 18:33:50,2319.17
2026-03-29 18:34:00,2231.67
2026-03-29 18:34:10,2150.0
2026-03-29 18:34:20,2070.83
2026-03-29 18:34:30,1997.5
2026-03-29 18:34:40,1930.0
2026-03-29 18:34:50,1863.33
2026-03-29 18:35:00,1803.33
2026-03-29 18:35:11,1745.83
2026-03-29 18:35:21,1693.33
2026-03-29 18:35:31,1644.17
2026-03-29 18:35:41,1600.0
2026-03-29 18:35:51,1557.5
2026-03-29 18:36:01,1519.17
2026-03-29 18:36:11,1482.5
2026-03-29 18:36:21,1450.0
2026-03-29 18:36:31,1419.17
2026-03-29 18:36:41,1391.67
2026-03-29 18:36:51,1365.0
2026-03-29 18:37:01,1341.67
2026-03-29 18:37:11,1318.33
2026-03-29 18:37:21,1297.5
2026-03-29 18:37:31,1277.5
2026-03-29 18:37:41,1260.0
2026-03-29 18:37:52,1242.5
2026-03-29 18:38:02,1225.0
2026-03-29 18:38:12,1208.33
2026-03-29 18:38:22,1192.5
2026-03-29 18:38:32,1176.67
2026-03-29 18:38:42,1160.83
2026-03-29 18:38:52,1145.83
2026-03-29 18:39:02,1130.83
2026-03-29 18:39:12,1114.17
2026-03-29 18:39:22,1099.17
2026-03-29 18:39:32,1084.17
2026-03-29 18:39:42,1067.5
2026-03-29 18:39:52,1053.33
2026-03-29 18:40:02,1039.17
2026-03-29 18:40:12,1025.83
2026-03-29 18:40:23,1013.33
2026-03-29 18:40:33,998.33
2026-03-29 18:40:43,985.83
2026-03-29 18:40:53,973.33
2026-03-29 18:41:03,960.83
2026-03-29 18:41:13,947.5
2026-03-29 18:41:23,935.83
2026-03-29 18:41:33,924.17
2026-03-29 18:41:43,912.5
2026-03-29 18:41:53,900.0
2026-03-29 18:42:03,888.33
2026-03-29 18:42:13,876.67
2026-03-29 18:42:23,865.0
2026-03-29 18:42:33,853.33
2026-03-29 18:42:43,840.83
2026-03-29 18:42:54,830.83
2026-03-29 18:43:04,820.0
2026-03-29 18:43:14,808.33
2026-03-29 18:43:24,796.67
2026-03-29 18:43:34,786.67
2026-03-29 18:43:44,775.83
2026-03-29 18:43:54,765.0
2026-03-29 18:44:04,755.83
2026-03-29 18:44:14,746.67
2026-03-29 18:44:24,735.83
2026-03-29 18:44:34,726.67
2026-03-29 18:44:44,718.33
2026-03-29 18:44:54,709.17
2026-03-29 18:45:04,700.83
2026-03-29 18:45:14,693.33
2026-03-29 18:45:24,683.33
2026-03-29 18:45:34,675.83
2026-03-29 18:45:44,668.33
2026-03-29 18:45:54,660.0
2026-03-29 18:46:04,653.33
2026-03-29 18:46:14,645.83
2026-03-29 18:46:24,637.5
2026-03-29 18:46:35,630.0
2026-03-29 18:46:45,622.5
2026-03-29 18:46:55,615.0
2026-03-29 18:47:05,607.5
2026-03-29 18:47:15,599.17
2026-03-29 18:47:25,591.67
2026-03-29 18:47:35,581.67
2026-03-29 18:47:45,573.33
2026-03-29 18:47:55,564.17
2026-03-29 18:48:05,555.0
2026-03-29 18:48:15,545.83
2026-03-29 18:48:25,536.67
2026-03-29 18:48:35,525.83
2026-03-29 18:48:45,515.83
2026-03-29 18:48:55,505.83
2026-03-29 18:49:05,495.83
2026-03-29 18:49:15,486.67
2026-03-29 18:49:25,475.83
2026-03-29 18:49:35,466.67
2026-03-29 18:49:45,457.5
2026-03-29 18:49:56,449.17
2026-03-29 18:50:06,440.0
2026-03-29 18:50:16,432.5
2026-03-29 18:50:26,423.33
2026-03-29 18:50:36,416.67
2026-03-29 18:50:46,409.17
2026-03-29 18:50:56,402.5
2026-03-29 18:51:06,395.0
2026-03-29 18:51:16,388.33
2026-03-29 18:51:26,381.67
2026-03-29 18:51:36,375.0
2026-03-29 18:51:46,366.67
2026-03-29 18:51:56,360.83
2026-03-29 18:52:06,353.33
2026-03-29 18:52:16,346.67
2026-03-29 18:52:26,340.0
2026-03-29 18:52:36,333.33
2026-03-29 18:52:46,326.67
2026-03-29 18:52:56,320.0
2026-03-29 18:53:06,310.83
2026-03-29 18:53:17,305.0
2026-03-29 18:53:27,298.33
2026-03-29 18:53:37,290.83
2026-03-29 18:53:47,285.0
2026-03-29 18:53:57,278.33
2026-03-29 18:54:07,271.67
2026-03-29 18:54:17,265.0
2026-03-29 18:54:27,258.33
2026-03-29 18:54:37,252.5
2026-03-29 18:54:47,246.67
2026-03-29 18:54:57,240.83
2026-03-29 18:55:07,235.83
2026-03-29 18:55:17,230.0
2026-03-29 18:55:27,225.0
2026-03-29 18:55:37,220.0
2026-03-29 18:55:47,215.0
2026-03-29 18:55:57,209.17
2026-03-29 18:56:07,204.17
2026-03-29 18:56:17,199.17
2026-03-29 18:56:27,195.0
2026-03-29 18:56:38,190.0
2026-03-29 18:56:48,185.83
2026-03-29 18:56:58,181.67
2026-03-29 18:57:08,177.5
2026-03-29 18:57:18,173.33
2026-03-29 18:57:28,169.17
2026-03-29 18:57:38,165.0
2026-03-29 18:57:48,161.67
2026-03-29 18:57:58,156.67
2026-03-29 18:58:08,152.5
2026-03-29 18:58:18,149.17
2026-03-29 18:58:28,145.0
2026-03-29 18:58:38,141.67
2026-03-29 18:58:48,137.5
2026-03-29 18:58:58,134.17
2026-03-29 18:59:08,130.83
2026-03-29 18:59:18,127.5
2026-03-29 18:59:28,123.33
2026-03-29 18:59:38,120.0
2026-03-29 18:59:48,117.5
2026-03-29 18:59:58,114.17
2026-03-29 19:00:09,110.83
2026-03-29 19:00:19,107.5
2026-03-29 19:00:29,103.33
2026-03-29 19:00:39,100.83
2026-03-29 19:00:49,97.5
2026-03-29 19:00:59,95.0
2026-03-29 19:01:09,92.5
2026-03-29 19:01:19,89.17
2026-03-29 19:01:29,86.67
2026-03-29 19:01:39,84.17
2026-03-29 19:01:49,81.67
2026-03-29 19:01:59,79.17
2026-03-29 19:02:09,77.5
2026-03-29 19:02:19,75.0
2026-03-29 19:02:29,72.5
2026-03-29 19:02:39,70.0
2026-03-29 19:02:49,67.5
2026-03-29 19:02:59,65.83
2026-03-29 19:03:09,63.33
2026-03-29 19:03:19,61.67
2026-03-29 19:03:30,59.17
2026-03-29 19:03:40,57.5
2026-03-29 19:03:50,55.0
2026-03-29 19:04:00,53.33
2026-03-29 19:04:10,50.0
2026-03-29 19:04:20,48.33
2026-03-29 19:04:30,45.83
2026-03-29 19:04:40,44.17
2026-03-29 19:04:50,42.5
2026-03-29 19:05:00,40.83
2026-03-29 19:05:10,38.33
2026-03-29 19:05:20,36.67
2026-03-29 19:05:30,35.0
2026-03-29 19:05:40,33.33
2026-03-29 19:05:50,32.5
2026-03-29 19:06:00,30.83
2026-03-29 19:06:10,29.17
2026-03-29 19:06:20,27.5
2026-03-29 19:06:30,25.83
2026-03-29 19:06:41,25.0
2026-03-29 19:06:51,23.33
2026-03-29 19:07:01,22.5
2026-03-29 19:07:11,20.83
2026-03-29 19:07:21,20.0
2026-03-29 19:07:31,18.33
2026-03-29 19:07:41,17.5
2026-03-29 19:07:51,16.67
2026-03-29 19:08:01,15.0
2026-03-29 19:08:11,14.17
2026-03-29 19:08:21,13.33
2026-03-29 19:08:31,12.5
2026-03-29 19:08:41,11.67
2026-03-29 19:08:51,10.83
2026-03-29 19:09:01,10.0
